node,degree,closeness,betweenness
Japan,0.75,0.8,0.2916666666666667
Russia,0.75,0.8,0.21130952380952378
Germany,0.5,0.6153846153846154,0.0625
France,0.5,0.6153846153846154,0.023809523809523808
China,0.5,0.6153846153846154,0.008928571428571428
India,0.5,0.6153846153846154,0.008928571428571428
Canada,0.375,0.6153846153846154,0.25
Italy,0.25,0.5333333333333333,0.0
Australia,0.125,0.4,0.0
